{
  "images" : [
    {
      "idiom" : "universal",
      "scale" : "1x"
    },
    {
      "idiom" : "universal",
      "filename" : "圓.png",
      "scale" : "2x"
    },
    {
      "idiom" : "universal",
      "scale" : "3x"
    },
    {
      "idiom" : "universal",
      "scale" : "1x",
      "height-class" : "compact"
    },
    {
      "idiom" : "universal",
      "filename" : "叉.png",
      "height-class" : "compact",
      "scale" : "2x"
    },
    {
      "idiom" : "universal",
      "scale" : "3x",
      "height-class" : "compact"
    }
  ],
  "info" : {
    "version" : 1,
    "author" : "xcode"
  }
}